{
  "age": 48.57778819119025,
  "bmi": 29.02389878163074,
  "mean_daily_mims": 2677176.072692933,
  "mean_sleep_min": 431.12928573907953,
  "mean_wake_wear_min": 897.9807176452796,
  "sd_daily_mims": 482848.4578366738,
  "sd_sleep_min": 104.61636089376829,
  "sex_male": 0.46844736019993755
}
