{
  "age": 48.57778819119025,
  "bmi_dev": 7.525554514214308,
  "sex_male": 0.46844736019993755,
  "sleep_dev": 79.34531855124638
}
